1
Subh bda ml es subh@gmail.com 20 8.0
1
Garg bda es ml garg@gmail.com 2 6.0
1
Akhil bda ml es akhil@yahoomail.com 33 9.0
1
Dev bda ml es devd@hotmail.com 99 2.0
1
Ajay bda ml es ajay@hotmail.com 34 9.0
2
2
2 0 3
3
4
5
6
1
Sumit bda ml es Sumit@gmail.com 20000 8.0
1
Amith bda ml es Amith@hotmail.com 1 9.0
2
3
4
5
6
7
